<?xml version="1.0" encoding="ISO-8859-1"?>

<product productid="spammer_ban" active="1">
	<title><![CDATA[One Touch Ban & Cleaner]]></title>
	<description>Bans a user, deletes all their threads, posts and PMs. Mod Originally created by Mark Fyvie.</description>
	<version>1</version>
	<url><![CDATA[]]></url>
	<versioncheckurl><![CDATA[]]></versioncheckurl>
	<dependencies>
    </dependencies>
	<codes>
	</codes>
	<templates>
		<template name="onetouchban" templatetype="template" date="1188241725" username="Twilkey" version="1"><![CDATA[
{vb:stylevar htmldoctype}
<html xmlns="http://www.w3.org/1999/xhtml"<vb:if condition="$vboptions['enablefacebookconnect']"> xmlns:fb="http://www.facebook.com/2008/fbml"</vb:if> dir="{vb:stylevar textdirection}" lang="{vb:stylevar languagecode}" id="vbulletin_html">
<head>
	{vb:raw headinclude}
	<title>{vb:raw vboptions.bbtitle} - {vb:rawphrase onetouchspamban_title}</title> 
</head>

	{vb:raw header}
	{vb:raw navbar}
	<ol class="floatcontainer">
        <li class="forumbit_nopost L1" id="cat{vb:raw forum.forumid}">
	       <div class="forumhead foruminfo L1 collapse">
		      <h2>
			     <span class="forumtitle">{vb:rawphrase onetouchspamban_title}</span>
		      </h2>
	       </div>
        </li>
        <li class="forumbit_nopost L2" id="cat{vb:raw forum.forumid}">
	       <div class="forumrow L2">
		        <div class="forumdata">
                    <div class="datacontainer">
                        <vb:if condition="$_REQUEST['do'] == 'spamcleanconfirm'">
		                    <form action="misc.php" method="post" name="spamconfirm" id="spamconfirm">
                            <input type="hidden" name="s" value="{vb:raw session.sessionhash}" />
                            <input type="hidden" name="securitytoken" value="{vb:raw bbuserinfo.securitytoken}" />
			                {vb:raw message}
			                <input type="hidden" name="do" value="dospamclean" />
			                <input type="hidden" name="userid" value="{vb:raw banuserid}" />
			                <center><input type="submit" class="button" value="{vb:rawphrase onetouchspamban_confirm_button}" /></center>
		                </form>
	                    </vb:if>

	                    <vb:if condition="$_POST['do'] == 'dospamclean'">
		                    {vb:raw message}
	                    </vb:if>
		            </div>
                </div>
	       </div>
        </li>
	</ol>
    {vb:raw footer}
</body>
</html>]]></template>
		<template name="postbit_onetouchban" templatetype="template" date="1188241631" username="mark" version="1.0"><![CDATA[
        <li class="left">
			<img src="{vb:stylevar imgdir_siteicons}/profile.png" alt="" />
			<a href="misc.php?{vb:raw session.sessionurl}do=spamcleanconfirm&amp;u={vb:raw userid}">
                {vb:rawphrase spammer_ban_member}
            </a>
		</li>]]>
        </template>
	</templates>
	<plugins>
		<plugin active="1" executionorder="5">
			<title>cache templates</title>
			<hookname>cache_templates</hookname>
			<phpcode><![CDATA[$globaltemplates = array();  
if (THIS_SCRIPT == 'showthread')
{
    $globaltemplates = array_merge((array)$globaltemplates, array('postbit_onetouchban'));
}

if (THIS_SCRIPT == 'misc')
{
    $globaltemplates = array_merge((array)$globaltemplates, array('onetouchban'));
}]]></phpcode>
		</plugin>
		<plugin active="1" executionorder="5">
			<title>Form actions</title>
			<hookname>misc_start</hookname>
			<phpcode><![CDATA[if (!function_exists('do_ban_user'))
{
	// #############################################################################
	/**
	* Checks to see whether this user has permission to execute this script, and some other stuff
	*
	*/
	function verify_permission()
	{
		global $vbulletin, $vbphrase, $banuserid;
		
		if (!$vbulletin->options['spamer_ban_enable'])
		{
			standard_error($vbphrase['onetouchspamban_disabled']);	
		}

		// cleanup and verify some option fields
		foreach (array('spamer_ban_can_use', 'spamer_ban_can_use_user', 'spamer_ban_protect_group', 'spamer_ban_protect_user') as $option)
		{
			$vbulletin->options[$option] = clean_options_list($vbulletin->options[$option]);
		}
		
		// check if user has permission to use this function
		if (!is_member_of($vbulletin->userinfo, explode(",", $vbulletin->options['spamer_ban_can_use'])) AND !(in_array($vbulletin->userinfo['userid'], explode(",", $vbulletin->options['spamer_ban_can_use_user']))))
		{
			print_no_permission();
		}
		if ($vbulletin->userinfo['userid'] == 0)
		{
			print_no_permission();
		}
               
		
		// check if the target user is protected or not
		$checkuser = (!empty($banuserid)) ? $vbulletin->db->query_first("SELECT * FROM " . TABLE_PREFIX . "user WHERE userid=$banuserid") : null;
		if (is_member_of($checkuser, explode(",", $vbulletin->options['spamer_ban_protect_group'])) OR in_array($banuserid, explode(",", $vbulletin->options['spamer_ban_protect_user'])))
		{
			standard_error($vbphrase['onetouchspamban_protected']);			
		}
		
		if (TIMENOW - $checkuser['joindate'] > $vbulletin->options['spamer_ban_min_days'] * 86400 AND $vbulletin->options['spamer_ban_min_days'] > 0)
		{
			standard_error(construct_phrase($vbphrase['onetouchspamban_protected_tooold'], $vbulletin->options['spamer_ban_min_days']));	
		}
	}
}

if (!function_exists('clean_options_list'))
{
	// #############################################################################
	/**
	* Takes comma separated list of options, cleans it up and returns it back 
	*
	* @param        string 	The list of options (numerical options expected)
	*
	* @return       string 	The cleaned and validated options
	*
	*/
	function clean_options_list($string)
	{
		$options = explode(',', $string);
		foreach ($options as $num)
		{
			if (is_numeric($num))
			{
				$num = intval($num);
				$newoptions[] = $num;
			}
		}
		if (!empty($newoptions))
		{
			return implode(',', $newoptions);
		}
	}	
}

if (!function_exists('do_ban_user'))
{
	// #############################################################################
	/**
	* Bans a specified user 
	*
	* @param        integer UserID of user to be banned
	* 
	* @return 		boolean	Returns true if actual ban code was called
	*
	*/
	function do_ban_user($userid = null)
	{
	    global $vbulletin, $vbphrase;
	    if (empty($userid))
	    {
	        // If we've nobody to ban, then nothing more to see here... Move along...
	        return;
	    }
	    $user = $vbulletin->db->query_first("SELECT userid, usergroupid, displaygroupid, usertitle, customtitle, username FROM " . TABLE_PREFIX . "user WHERE userid=$userid");
	    $bantitle = $vbphrase['onetouchspamban_ban_text'];
	    $reason = $vbulletin->GPC['banreason'];
        $banner = $vbulletin->userinfo['userid'];
	    
	    $alreadybanned = $vbulletin->db->query_first("SELECT userid FROM " . TABLE_PREFIX . "userban WHERE userid=$userid");
	    if (isset($user) AND empty($alreadybanned) AND $user["usergroupid"] != $vbulletin->options['spamer_ban_group'])
	    {
   		   	$vbulletin->db->query_write("UPDATE " . TABLE_PREFIX . "user SET usertitle = '". $vbulletin->db->escape_string($bantitle) ."', usergroupid = '" . $vbulletin->options['spamer_ban_group'] . "', displaygroupid = '0' WHERE userid={$user['userid']}");
   		  	$vbulletin->db->query_write("INSERT INTO " . TABLE_PREFIX . "userban (userid, usergroupid, displaygroupid, usertitle, customtitle, adminid, bandate, liftdate, reason) VALUES ('{$user["userid"]}', '{$user["usergroupid"]}', '{$user["displaygroupid"]}', '" . $vbulletin->db->escape_string($user["usertitle"]) . "', '" . $vbulletin->db->escape_string($user["customtitle"]) . "', '$banner', '" . TIMENOW . "', '0', '" . $vbulletin->db->escape_string($reason) . "')");
			return true;
	    }
	}
}

if ($_REQUEST['do'] == 'spamcleanconfirm')
{
	$vbulletin->input->clean_array_gpc('g', array(
		'u' => TYPE_UINT,
	));  
	$banuserid = $vbulletin->GPC['u'];
	verify_permission();
	
	// Fetch the username
	$banusername = implode("", $vbulletin->db->query_first("
		SELECT username FROM " . TABLE_PREFIX . "user WHERE userid = $banuserid
	"));	
	
	// count the threads started by this user. This query excludes threads that are already deleted
	$numberthreads = implode("", $vbulletin->db->query_first("
		SELECT COUNT(0) FROM " . TABLE_PREFIX . "thread 
		WHERE postuserid = $banuserid
		AND threadid NOT IN 
			(SELECT primaryid FROM " . TABLE_PREFIX . "deletionlog 
			WHERE type = 'thread')
	"));	
	
	// count the posts started by this user. This query excludes posts belonging to deleted threads, deleted posts, and the first post of any thread
	$numberposts = implode("", $vbulletin->db->query_first("
		SELECT COUNT(0) FROM " . TABLE_PREFIX . "post 
		WHERE userid = $banuserid 
		AND NOT parentid = 0
		AND postid NOT IN 
			(SELECT primaryid FROM " . TABLE_PREFIX . "deletionlog 
			WHERE type = 'post')
		AND threadid NOT IN 
			(SELECT primaryid FROM " . TABLE_PREFIX . "deletionlog 
			WHERE type = 'thread')" . (($vbulletin->options['spamer_ban_delete_threads']) ?"
		AND threadid NOT IN 
			(SELECT threadid FROM " . TABLE_PREFIX . "thread
			WHERE postuserid = $banuserid)" : null)
		. "
	"));	
	
	// now count the PMs sent by this user
	$numberpms = implode("", $vbulletin->db->query_first("
		SELECT COUNT(0) FROM " . TABLE_PREFIX . "pm, " . TABLE_PREFIX . "pmtext
		WHERE " . TABLE_PREFIX . "pm.pmtextid = " . TABLE_PREFIX . "pmtext.pmtextid
		AND " . TABLE_PREFIX . "pmtext.fromuserid = $banuserid
	"));
	
	// count calendar entries started by this user
	$numberevents = implode("", $vbulletin->db->query_first("
		SELECT COUNT(0) FROM " . TABLE_PREFIX . "event WHERE userid = $banuserid
	"));

	$message = construct_phrase($vbphrase['onetouchspamban_confirm_start'], $banusername, $banuserid);
	$message .= ($vbulletin->options['spamer_ban_delete_threads']) ? construct_phrase($vbphrase['onetouchspamban_threads'], $numberthreads, ($vbulletin->options['spamer_ban_hard_delete']) ? $vbphrase['onetouchspamban_harddelete'] : $vbphrase['onetouchspamban_softdelete']) : null;
	$message .= ($vbulletin->options['spamer_ban_delete_posts']) ? construct_phrase($vbphrase['onetouchspamban_posts'], $numberposts, ($vbulletin->options['spamer_ban_hard_delete']) ? $vbphrase['onetouchspamban_harddelete'] : $vbphrase['onetouchspamban_softdelete']) : null;
	$message .= ($vbulletin->options['spamer_ban_delete_pms']) ? construct_phrase($vbphrase['onetouchspamban_pms'], $numberpms) : null;
	$message .= ($vbulletin->options['spamer_ban_delete_events']) ? construct_phrase($vbphrase['onetouchspamban_events'], $numberevents) : null;
	$message .= ($vbulletin->options['spamer_ban_ban_ip']) ? $vbphrase['onetouchspamban_ip_ban'] : null;

	
	$message .= ($vbulletin->options['spamer_ban_hard_delete']) ? null : '<br/ >' . $vbphrase['onetouchspamban_delete_reason_input'] . '<input type="text" size="80" name="deletereason" value="' . $vbphrase['onetouchspamban_delete_reason'] . '"';
	if ($vbulletin->options['spamer_ban_ban_user'] OR $vbulletin->options['spamer_ban_delete_user']) 
	{
		$message .= construct_phrase($vbphrase['onetouchspamban_ban_or_delete'], ($vbulletin->options['spamer_ban_delete_user']) ? $vbphrase['onetouchspamban_delete'] : $vbphrase['onetouchspamban_ban'] );
		$message .= '<br/ >' . $vbphrase['onetouchspamban_reason_input'] . '<input type="text" size="80" name="banreason" value="' . $vbphrase['onetouchspamban_ban_reason'] . '"';
	}
	$message .=	$vbphrase['onetouchspamban_confirm_end'];

    //Breadcrumb
	$navbits = array();
	$navbits[] = "One Touch Ban & Cleanup";
    $navbits = construct_navbits($navbits); 
    $navbar = render_navbar_template($navbits);
    
    //Display Shell Template
    $templater = vB_Template::create('onetouchban');
    $templater->register_page_templates();
    $templater->register('navbar', $navbar);
    $templater->register('message', $message);
    $templater->register('banuserid', $banuserid);
    print_output($templater->render());
}

if ($_POST['do'] == 'dospamclean')
{
	$vbulletin->input->clean_array_gpc('p', array(
		'userid' => TYPE_UINT,
		'deletereason' => TYPE_NOHTML,
		'banreason' => TYPE_NOHTML
	));  
	$banuserid = $vbulletin->GPC['userid'];
	verify_permission();
	
	include_once(DIR. '/includes/functions_databuild.php');

	//
	// *** Delete threads started by user
	//	

	if ($vbulletin->options['spamer_ban_delete_threads'])
	{
		$deletedata = array('userid' => $vbulletin->userinfo['userid'], 'username' => $vbulletin->userinfo['username'], 'reason' => $vbulletin->GPC['deletereason'], 'keepattachments' => '0');
		// This query excludes threads that are already deleted
		$threads = $vbulletin->db->query_read("
			SELECT threadid, forumid FROM ". TABLE_PREFIX . "thread 
			WHERE postuserid = $banuserid
			AND threadid NOT IN 
				(SELECT primaryid FROM " . TABLE_PREFIX . "deletionlog 
				WHERE type = 'thread')
		");
		while ($thread = $vbulletin->db->fetch_array($threads))
		{
			delete_thread($thread['threadid'], true, $vbulletin->options['spamer_ban_hard_delete'], $deletedata);
			build_forum_counters($thread['forumid']);
			$deletedthreads++;
		}
	}
	
	//
	// *** Delete posts by user
	//	

	if ($vbulletin->options['spamer_ban_delete_posts'])
	{
		$deletedata = array('userid' => $vbulletin->userinfo['userid'], 'username' => $vbulletin->userinfo['username'], 'reason' => $vbulletin->GPC['deletereason'], 'keepattachments' => '0');
		// This query excludes posts belonging to deleted threads, deleted posts, and the first post of any thread
		$posts = $vbulletin->db->query_read("
			SELECT postid, threadid FROM ". TABLE_PREFIX . "post 
			WHERE userid = $banuserid 
			AND NOT parentid = 0
			AND postid NOT IN 
				(SELECT primaryid FROM " . TABLE_PREFIX . "deletionlog 
				WHERE type = 'post')
			AND threadid NOT IN 
				(SELECT primaryid FROM " . TABLE_PREFIX . "deletionlog 
				WHERE type = 'thread')
		");
		while ($post = $vbulletin->db->fetch_array($posts))
		{
			$threadinfo = fetch_threadinfo($post['threadid']);
			delete_post($post['postid'], true, $post['threadid'], $vbulletin->options['spamer_ban_hard_delete'], $deletedata);
			build_thread_counters($post['threadid']);
			build_forum_counters($threadinfo['forumid']);
			$deletedposts++;
		}
	}	
	
	//
	// *** Delete PMs from user
	//	

	if ($vbulletin->options['spamer_ban_delete_pms'])
	{
	
		// array to store userids for updating totals
		$banuserids = array();
		                
		// now find all PMs sent by this user
		$messages = $vbulletin->db->query_read("
			SELECT userid FROM " . TABLE_PREFIX . "pm, " . TABLE_PREFIX . "pmtext
			WHERE " . TABLE_PREFIX . "pm.pmtextid = " . TABLE_PREFIX . "pmtext.pmtextid
			AND " . TABLE_PREFIX . "pmtext.fromuserid = $banuserid
		");
		while ($message = $vbulletin->db->fetch_array($messages))
		{
		        // stick this userid onto our array
		        $banuserids[] = $message['userid'];
		}
		$vbulletin->db->free_result($messages);
		
		// kill off relevant records
		$vbulletin->db->query_write("
				DELETE FROM " . TABLE_PREFIX . "pm WHERE pmtextid IN (SELECT pmtextid FROM " . TABLE_PREFIX . "pmtext WHERE fromuserid = $banuserid)
		");
		$vbulletin->db->query_write("
				DELETE FROM " . TABLE_PREFIX . "pmtext WHERE fromuserid = $banuserid
		");
		
		if (!empty($banuserids))
		{
			foreach ($banuserids as $candidate)
			{
		
		        $pmcount = $vbulletin->db->query_first("
		                SELECT
		                        COUNT(pmid) AS pmtotal,
		                        SUM(IF(messageread = 0 AND folderid >= 0, 1, 0)) AS pmunread
			            FROM " . TABLE_PREFIX . "pm AS pm
		                WHERE pm.userid = $candidate
		        ");
		
		        $pmcount['pmtotal'] = intval($pmcount['pmtotal']);
		        $pmcount['pmunread'] = intval($pmcount['pmunread']);
		
		        $vbulletin->db->query_write("
		        	UPDATE " . TABLE_PREFIX . "user set pmtotal = " . $pmcount['pmtotal'] . ", pmunread = " . $pmcount['pmunread'] . " WHERE userid = $candidate
		        ");
		        $vbulletin->db->query_write("
		            UPDATE " . TABLE_PREFIX . "user
		            SET pmpopup = IF(pmpopup=2 AND pmunread = 0, 1, pmpopup)
		            WHERE userid = $candidate
		        ");
		        $deletedpms++;
			}
		}	
	}
	
	//
	// *** Delete calendar events posted by user
	//	

	if ($vbulletin->options['spamer_ban_delete_events'])
	{
		$events = $vbulletin->db->query_read("SELECT * FROM ". TABLE_PREFIX . "event WHERE userid = $banuserid");
		while ($event = $vbulletin->db->fetch_array($events))
		{
			$eventdata =& datamanager_init('Event', $vbulletin, ERRTYPE_STANDARD);
		    $eventdata->set_existing($event);
		    $eventdata->delete();
		    $deletedevents++;
		}
	}	

	//
	// *** Ban user
	//	

	if ($vbulletin->options['spamer_ban_ban_user'] AND !$vbulletin->options['spamer_ban_delete_user']) 
	{
		$userstatus = (do_ban_user($banuserid)) ? $vbphrase['onetouchspamban_ban'] : $userstatus;
	}

	//
	// *** Delete user
	//		
	
	if ($vbulletin->options['spamer_ban_delete_user']) 
	{
		// check user is not set in the $undeletable users string
        $nodelete = explode(',', $vbulletin->config['SpecialUsers']['undeletableusers']);
        if (in_array($banuserid, $nodelete))
        {
        	print_stop_message('user_is_protected_from_alteration_by_undeletableusers_var');
        }  
        else
        {
            $info = fetch_userinfo($banuserid);
            if ($info['userid'] == $banuserid)
            {
                $userdm =& datamanager_init('User', $vbulletin, ERRTYPE_CP);
                $userdm->set_existing($info);
                $userdm->delete();
                unset($userdm);
                $userstatus = $vbphrase['onetouchspamban_delete'];
            }
        }
	}
	
	//
	// *** Ban IP
	//		
	
	if ($vbulletin->options['spamer_ban_ban_ip']) 
	{
		$banip = $vbulletin->db->query_first("SELECT ipaddress FROM ". TABLE_PREFIX . "user WHERE userid = $banuserid");
		if (!empty($banip['ipaddress']))
		{
			$vbulletin->db->query_write("UPDATE ". TABLE_PREFIX . "setting SET value = CONCAT(value, '\n" . $banip['ipaddress'] . "') WHERE varname = 'banip'");
			$bannedip = true;
		}
	}
	
	
	$message .= ($deletedthreads > 0) ? construct_phrase($vbphrase['onetouchspamban_threads_deleted'], $deletedthreads) : null;
	$message .= ($deletedposts > 0) ? construct_phrase($vbphrase['onetouchspamban_posts_deleted'], $deletedposts) : null;
	$message .= ($deletedpms > 0) ? construct_phrase($vbphrase['onetouchspamban_pms_deleted'], $deletedpms) : null;
	$message .= ($deletedevents > 0) ? construct_phrase($vbphrase['onetouchspamban_events_deleted'], $deletedevents) : null;
	$message .= ($bannedip) ? construct_phrase($vbphrase['onetouchspamban_ip_banned'], $banip['ipaddress']) : null;
	$message .= (!empty($userstatus)) ? construct_phrase($vbphrase['onetouchspamban_user_status'], $userstatus) : null;
	
	$message = (empty($message)) ? $vbphrase['onetouchspamban_no_action'] : $message ;

    //Breadcrumb
	$navbits = array();
	$navbits[] = "One Touch Ban & Cleanup";
    $navbits = construct_navbits($navbits); 
    $navbar = render_navbar_template($navbits);
    
    //Display Shell Template
    $templater = vB_Template::create('onetouchban');
    $templater->register_page_templates();
    $templater->register('navbar', $navbar);
    $templater->register('message', $message);
    $templater->register('banuserid', $banuserid);
    print_output($templater->render());
}]]></phpcode>
		</plugin>
		<plugin active="1" executionorder="5">
			<title>Insert into templates</title>
			<hookname>postbit_display_complete</hookname>
			<phpcode><![CDATA[global $vbulletin;

if ($vbulletin->options['spamer_ban_enable'] AND (is_member_of($vbulletin->userinfo, explode(",", $vbulletin->options['spamer_ban_can_use'])) OR ($vbulletin->userinfo['userid'] != 0 AND in_array($vbulletin->userinfo['userid'], explode(",", $vbulletin->options['spamer_ban_can_use_user'])))))
{
    if (!substr_count($template_hook[memberaction_dropdown_items], 'spamcleanconfirm'))
    { // check if this template has already been added - this seems to affect only some systems
        $templater = vB_Template::create('postbit_onetouchban');
        $templater->register('userid', $post['userid']);
        $template_hook[memberaction_dropdown_items] .= $templater->render();
    }
}]]></phpcode>
		</plugin>
	</plugins>
	<phrases>
		<phrasetype name="GLOBAL" fieldname="global">
			<phrase name="onetouchspamban_ban" date="1188218635" username="mark" version="1.0"><![CDATA[banned]]></phrase>
			<phrase name="onetouchspamban_ban_or_delete" date="1188218555" username="mark" version="1.0"><![CDATA[<br /><br />This user will also be <b>{1}</b>.]]></phrase>
			<phrase name="onetouchspamban_ban_reason" date="1188232419" username="mark" version="1.0"><![CDATA[Posting unwanted spam]]></phrase>
			<phrase name="onetouchspamban_ban_text" date="1188232283" username="mark" version="1.0"><![CDATA[Banned]]></phrase>
			<phrase name="onetouchspamban_confirm_button" date="1188215530" username="mark" version="1.0"><![CDATA[Confirm]]></phrase>
			<phrase name="onetouchspamban_confirm_end" date="1188215438" username="mark" version="1.0"><![CDATA[<br /><br />
Please confirm your intentions - <b>This action cannot be undone</b><br /><br />]]></phrase>
			<phrase name="onetouchspamban_confirm_start" date="1188219148" username="mark" version="1.0"><![CDATA[You are about to perform the following actions concerning the user <b>{1}</b> (id: {2})<br />]]></phrase>
			<phrase name="onetouchspamban_delete" date="1188218730" username="mark" version="1.0"><![CDATA[deleted]]></phrase>
			<phrase name="onetouchspamban_delete_reason" date="1188227469" username="mark" version="1.0"><![CDATA[Spam and/or unwanted content]]></phrase>
			<phrase name="onetouchspamban_delete_reason_input" date="1188246927" username="mark" version="1.0"><![CDATA[<b>Deletion reason:</b> ]]></phrase>
			<phrase name="onetouchspamban_disabled" date="1188226270" username="mark" version="1.0"><![CDATA[This tool has been disabled by an administrator]]></phrase>
			<phrase name="onetouchspamban_events" date="1188219269" username="mark" version="1.0"><![CDATA[<br /><b>{1}</b> calendar events created by this user will be deleted.]]></phrase>
			<phrase name="onetouchspamban_events_deleted" date="1188236042" username="mark" version="1.0"><![CDATA[<b>{1}</b> events deleted<br />]]></phrase>
			<phrase name="onetouchspamban_harddelete" date="1188218061" username="mark" version="1.0"><![CDATA[permanently]]></phrase>
			<phrase name="onetouchspamban_ip_ban" date="1188322307" username="mark" version="1.0"><![CDATA[<br />IP address will be added to banned IP address list]]></phrase>
			<phrase name="onetouchspamban_ip_banned" date="1188322343" username="mark" version="1.0"><![CDATA[IP address <b>{1}</b> added to banned IP address list<br />]]></phrase>
			<phrase name="onetouchspamban_no_action" date="1188287430" username="mark" version="1.0"><![CDATA[No actions were performed. There was probably nothing to delete. In the case of banning or deleting a user the action may have already been performed.]]></phrase>
			<phrase name="onetouchspamban_pms" date="1188218352" username="mark" version="1.0"><![CDATA[<br /><b>{1}</b> private messages sent by this user will be deleted.]]></phrase>
			<phrase name="onetouchspamban_pms_deleted" date="1188235949" username="mark" version="1.0"><![CDATA[<b>{1}</b> private messages deleted<br />]]></phrase>
			<phrase name="onetouchspamban_posts" date="1188215675" username="mark" version="1.0"><![CDATA[<br /><b>{1}</b> posts made by this user will be <b>{2}</b> deleted.]]></phrase>
			<phrase name="onetouchspamban_posts_deleted" date="1188235993" username="mark" version="1.0"><![CDATA[<b>{1}</b> posts deleted<br />]]></phrase>
			<phrase name="onetouchspamban_protected" date="1188224323" username="mark" version="1.0"><![CDATA[This user is protected. You may not use this tool on this user.]]></phrase>
			<phrase name="onetouchspamban_protected_tooold" date="1188225755" username="mark" version="1.0"><![CDATA[This user registered more than {1} days ago, they are therefore protected from this tool.]]></phrase>
			<phrase name="onetouchspamban_reason_input" date="1188246898" username="mark" version="1.0"><![CDATA[<b>Ban reason:</b> ]]></phrase>
			<phrase name="onetouchspamban_threads" date="1188215632" username="mark" version="1.0"><![CDATA[<br /><b>{1}</b> threads started by this user will be <b>{2}</b> deleted.]]></phrase>
			<phrase name="onetouchspamban_threads_deleted" date="1188236016" username="mark" version="1.0"><![CDATA[<b>{1}</b> threads deleted<br />]]></phrase>
			<phrase name="onetouchspamban_title" date="1188219368" username="mark" version="1.0"><![CDATA[<b>One Touch Ban & Cleaner</b>]]></phrase>
			<phrase name="onetouchspamban_user_status" date="1188236064" username="mark" version="1.0"><![CDATA[<br />User was {1}]]></phrase>
			<phrase name="spammer_ban_member" date="1183235302" username="mark" version="1.0"><![CDATA[One Touch Ban & Cleaner]]></phrase>
		</phrasetype>
		<phrasetype name="vBulletin Settings" fieldname="vbsettings">
			<phrase name="setting_spamer_ban_ban_ip_desc" date="1188322603" username="mark" version="1.0"><![CDATA[Should the IP address of the spammer also be added to the banned IP list?]]></phrase>
			<phrase name="setting_spamer_ban_ban_ip_title" date="1188322603" username="mark" version="1.0" />
			<phrase name="setting_spamer_ban_ban_user_desc" date="1188305768" username="mark" version="1.0"><![CDATA[Should the user be banned?]]></phrase>
			<phrase name="setting_spamer_ban_ban_user_title" date="1188305768" username="mark" version="1.0"><![CDATA[Actions to Perform]]></phrase>
			<phrase name="setting_spamer_ban_can_use_desc" date="1183231640" username="mark" version="1.0"><![CDATA[Specify a list of usergroups, separated by commas, who are allowed to use this function to ban users and delete their posts.]]></phrase>
			<phrase name="setting_spamer_ban_can_use_title" date="1183231640" username="mark" version="1.0"><![CDATA[Admin & Moderator Groups]]></phrase>
			<phrase name="setting_spamer_ban_can_use_user_desc" date="1188220865" username="mark" version="1.0"><![CDATA[Enter a list of additional userids (in addition to the groups specified above), separated by commas, who can use this tool.]]></phrase>
			<phrase name="setting_spamer_ban_can_use_user_title" date="1188220865" username="mark" version="1.0"><![CDATA[Additional Users]]></phrase>
			<phrase name="setting_spamer_ban_delete_events_desc" date="1188213712" username="mark" version="1.0"><![CDATA[Should any calendar events started by this user be deleted?]]></phrase>
			<phrase name="setting_spamer_ban_delete_events_title" date="1188213712" username="mark" version="1.0" />
			<phrase name="setting_spamer_ban_delete_pms_desc" date="1188213661" username="mark" version="1.0"><![CDATA[Should any PMs sent by this user be deleted?]]></phrase>
			<phrase name="setting_spamer_ban_delete_pms_title" date="1188213661" username="mark" version="1.0" />
			<phrase name="setting_spamer_ban_delete_posts_desc" date="1188313460" username="mark" version="1.0"><![CDATA[Should posts made by the user be deleted?]]></phrase>
			<phrase name="setting_spamer_ban_delete_posts_title" date="1188313460" username="mark" version="1.0" />
			<phrase name="setting_spamer_ban_delete_threads_desc" date="1188313472" username="mark" version="1.0"><![CDATA[Should threads started by the user be deleted?]]></phrase>
			<phrase name="setting_spamer_ban_delete_threads_title" date="1188313472" username="mark" version="1.0" />
			<phrase name="setting_spamer_ban_delete_user_desc" date="1188305787" username="mark" version="1.0"><![CDATA[Should the user be deleted? (If selected, this will override the ban option)]]></phrase>
			<phrase name="setting_spamer_ban_delete_user_title" date="1188305787" username="mark" version="1.0" />
			<phrase name="setting_spamer_ban_enable_desc" date="1188305750" username="mark" version="1.0"><![CDATA[You can disable all functions by setting this option to "No"]]></phrase>
			<phrase name="setting_spamer_ban_enable_title" date="1188305750" username="mark" version="1.0"><![CDATA[Enable One Touch Ban & Cleaner?]]></phrase>
			<phrase name="setting_spamer_ban_group_desc" date="1188232657" username="mark" version="1.0"><![CDATA[Your "Banned" usergroup ID number]]></phrase>
			<phrase name="setting_spamer_ban_group_title" date="1188232657" username="mark" version="1.0" />
			<phrase name="setting_spamer_ban_hard_delete_desc" date="1188313447" username="mark" version="1.0"><![CDATA[Should posts or threads be permanently deleted? Setting this option to "no" will soft delete.]]></phrase>
			<phrase name="setting_spamer_ban_hard_delete_title" date="1188313447" username="mark" version="1.0"><![CDATA[Permanent Thread/Post Delete?]]></phrase>
			<phrase name="setting_spamer_ban_min_days_desc" date="1188225607" username="mark" version="1.0"><![CDATA[If a user registered more than a certain number of days ago, they will be protected from this tool. This helps ensure than existing users aren't accidentally deleted. Enter the number of days, or 0 to disable]]></phrase>
			<phrase name="setting_spamer_ban_min_days_title" date="1188225607" username="mark" version="1.0"><![CDATA[Maximum Days Old]]></phrase>
			<phrase name="setting_spamer_ban_protect_group_desc" date="1188221051" username="mark" version="1.0"><![CDATA[Enter a list of group IDs, separated by commas. Members of these groups will be protected from potential actions of this tool - i.e. this tool can not be used against these users.]]></phrase>
			<phrase name="setting_spamer_ban_protect_group_title" date="1188221051" username="mark" version="1.0"><![CDATA[Protect Users & Groups]]></phrase>
			<phrase name="setting_spamer_ban_protect_user_desc" date="1188221115" username="mark" version="1.0"><![CDATA[Enter a list of userids, separated by commas, who will be protected against the use of this tool (see option above)]]></phrase>
			<phrase name="setting_spamer_ban_protect_user_title" date="1188221115" username="mark" version="1.0" />
			<phrase name="settinggroup_spammer_ban" date="1183231413" username="mark" version="1.0"><![CDATA[One Touch Ban & Cleaner Options]]></phrase>
		</phrasetype>
	</phrases>
	<options>
		<settinggroup name="spammer_ban" displayorder="65535">
			<setting varname="spamer_ban_enable" displayorder="10">
				<datatype>boolean</datatype>
				<optioncode>yesno</optioncode>
				<defaultvalue>1</defaultvalue>
			</setting>
			<setting varname="spamer_ban_can_use" displayorder="20">
				<datatype>free</datatype>
				<defaultvalue>5,6,7</defaultvalue>
			</setting>
			<setting varname="spamer_ban_can_use_user" displayorder="25">
				<datatype>free</datatype>
			</setting>
			<setting varname="spamer_ban_ban_user" displayorder="30">
				<datatype>boolean</datatype>
				<optioncode>yesno</optioncode>
				<defaultvalue>1</defaultvalue>
			</setting>
			<setting varname="spamer_ban_group" displayorder="32">
				<datatype>number</datatype>
				<defaultvalue>8</defaultvalue>
			</setting>
			<setting varname="spamer_ban_delete_user" displayorder="40">
				<datatype>boolean</datatype>
				<optioncode>yesno</optioncode>
				<defaultvalue>0</defaultvalue>
			</setting>
			<setting varname="spamer_ban_delete_threads" displayorder="50">
				<datatype>boolean</datatype>
				<optioncode>yesno</optioncode>
				<defaultvalue>1</defaultvalue>
			</setting>
			<setting varname="spamer_ban_delete_posts" displayorder="60">
				<datatype>boolean</datatype>
				<optioncode>yesno</optioncode>
				<defaultvalue>1</defaultvalue>
			</setting>
			<setting varname="spamer_ban_delete_pms" displayorder="70">
				<datatype>boolean</datatype>
				<optioncode>yesno</optioncode>
				<defaultvalue>1</defaultvalue>
			</setting>
			<setting varname="spamer_ban_delete_events" displayorder="80">
				<datatype>boolean</datatype>
				<optioncode>yesno</optioncode>
				<defaultvalue>1</defaultvalue>
			</setting>
			<setting varname="spamer_ban_ban_ip" displayorder="85">
				<datatype>boolean</datatype>
				<optioncode>yesno</optioncode>
				<defaultvalue>1</defaultvalue>
			</setting>
			<setting varname="spamer_ban_hard_delete" displayorder="100">
				<datatype>boolean</datatype>
				<optioncode>yesno</optioncode>
				<defaultvalue>0</defaultvalue>
			</setting>
			<setting varname="spamer_ban_protect_group" displayorder="110">
				<datatype>free</datatype>
				<defaultvalue>5,6,7</defaultvalue>
			</setting>
			<setting varname="spamer_ban_protect_user" displayorder="120">
				<datatype>free</datatype>
			</setting>
			<setting varname="spamer_ban_min_days" displayorder="130">
				<datatype>number</datatype>
				<defaultvalue>30</defaultvalue>
			</setting>
		</settinggroup>
	</options>
	<helptopics>
	</helptopics>
	<cronentries>
	</cronentries>
	<faqentries>
	</faqentries>
</product>
