<?xml version="1.0" encoding="ISO-8859-1"?>

<product productid="register_rules_timer" active="1">
	<title>Register Rules Timer</title>
	<description>This adds a timer to the Register Rules.</description>
	<version>4.0</version>
	<url>http://www.forumsmods.com/</url>
	<versioncheckurl />
	<dependencies>
	</dependencies>
	<codes>
	</codes>
	<templates>
		<template name="register_rules_timer" templatetype="template" date="1293508577" username="vB Style" version="4.0"><![CDATA[<script type="text/javascript">
    <!--
    var secs = {vb:raw vboptions.register_rules_timer_time};
    var wait = secs * 1000;
    document.register.registertimer.disabled = true;
    for (i = 1; i <= secs; i++) {
        window.setTimeout("update(" + i + ")", i * 1000);
    }
    window.setTimeout("timer()", wait);
    function update(num) {
        if (num == (wait / 1000)) {
            document.register.registertimer.value = "{vb:rawphrase complete_registration}";
        } else {
            printnr = (wait / 1000) - num;
            document.register.registertimer.value = "{vb:rawphrase complete_registration} (" + printnr + ")";
        }
    }
    function timer() {
        document.register.registertimer.disabled = false;
    }
    //-->
</script>]]></template>
	</templates>
	<stylevardfns>
	</stylevardfns>
	<stylevars>
	</stylevars>
	<plugins>
		<plugin active="1" executionorder="5">
			<title>Register Rules Timer</title>
			<hookname>cache_templates</hookname>
			<phpcode><![CDATA[if ($vbulletin->options['register_rules_timer_enable'])
{
	$cache[] = 'register_rules_timer';
}]]></phpcode>
		</plugin>
		<plugin active="1" executionorder="5">
			<title>Register Rules Timer</title>
			<hookname>parse_templates</hookname>
			<phpcode><![CDATA[if ($vbulletin->options['register_rules_timer_enable'])
{
	$template_hook['footer_javascript'] .= vB_Template::create('register_rules_timer')->render();
}]]></phpcode>
		</plugin>
		<plugin active="1" executionorder="5">
			<title>Register Rules Timer</title>
			<hookname>register_form_complete</hookname>
			<phpcode><![CDATA[$vbphrase['complete_registration'] .= '" name="registertimer';]]></phpcode>
		</plugin>
	</plugins>
	<phrases>
		<phrasetype name="vBulletin Settings" fieldname="vbsettings">
			<phrase name="setting_register_rules_timer_enable_desc" date="1293509052" username="vB Style" version="4.0"><![CDATA[Do you want to enable register rules timer?]]></phrase>
			<phrase name="setting_register_rules_timer_enable_title" date="1293509052" username="vB Style" version="4.0"><![CDATA[Enable Register Rules Timer]]></phrase>
			<phrase name="setting_register_rules_timer_time_desc" date="1293508454" username="vB Style" version="4.0"><![CDATA[How many seconds before user can submit the form?]]></phrase>
			<phrase name="setting_register_rules_timer_time_title" date="1293508454" username="vB Style" version="4.0"><![CDATA[Register Rules Time]]></phrase>
		</phrasetype>
	</phrases>
	<options>
		<settinggroup name="register" displayorder="200">
			<setting varname="register_rules_timer_enable" displayorder="150">
				<datatype>boolean</datatype>
				<optioncode>yesno</optioncode>
				<defaultvalue>1</defaultvalue>
			</setting>
			<setting varname="register_rules_timer_time" displayorder="160">
				<datatype>number</datatype>
				<defaultvalue>60</defaultvalue>
			</setting>
		</settinggroup>
	</options>
	<helptopics>
	</helptopics>
	<cronentries>
	</cronentries>
	<faqentries>
	</faqentries>
</product>
