<?xml version="1.0" encoding="ISO-8859-1"?>

<product productid="modmall_remember_me" active="1">
	<title>Mod-Mall.com Remember Me</title>
	<description>Sets your remember me to default checked.</description>
	<version>1.0.0</version>
	<url>http://mod-mall.com</url>
	<versioncheckurl />
	<dependencies>
	</dependencies>
	<codes>
	</codes>
	<templates>
	</templates>
	<stylevardfns>
	</stylevardfns>
	<stylevars>
	</stylevars>
	<plugins>
		<plugin active="1" executionorder="5">
			<title>Remember Me</title>
			<hookname>parse_templates</hookname>
			<phpcode>
				<![CDATA[
					if ($vbulletin->options['rememberme_onoff']) {
					require_once(DIR . '/includes/class_template_parser.php');
					
					$findcode = '<input type="checkbox" name="cookieuser" value="1" id="cb_cookieuser_navbar"';
					$replacecode = '<input type="checkbox" name="cookieuser" value="1" checked="checked" id="cb_cookieuser_navbar"';
					
					$parser = new vB_TemplateParser($findcode);
					$parser->dom_doc = new vB_DomDocument($parser->fetch_dom_compatible());
					$find = trim($parser->_parse_nodes($parser->dom_doc->childNodes()));

					$parser = new vB_TemplateParser($replacecode);
					$parser->dom_doc = new vB_DomDocument($parser->fetch_dom_compatible());
					$replace = trim($parser->_parse_nodes($parser->dom_doc->childNodes()));

					$templatename = 'header';
					$vbulletin->templatecache[$templatename] = str_replace($find, $replace, $vbulletin->templatecache[$templatename]);

					unset($find, $replace);
					}
				]]>		
			</phpcode>
		</plugin>
		<plugin active="1" executionorder="6">
			<title>Remember Me Application</title>
			<hookname>parse_templates</hookname>
			<phpcode><![CDATA[
						if ($vbulletin->options['rememberme_onoff'] && $vbulletin->options['rememberme_link']) {
							$key = strpos($vbphrase['powered_by_vbulletin'], "Mod-Mall.com");
							if($key === false){
							// You can turn this off from the admincp
							$remembermecpr = '<br /><a href="http://mod-mall.com" title="Buy and Sell your vBulletin Styles" target="_blank">vBulletin Styles</a> by Mod-Mall.com';
							define('rememberme_CPR', $remembermecpr);
							$vbphrase['powered_by_vbulletin'] .= rememberme_CPR;
						}
						}
			]]></phpcode>
		</plugin>
	</plugins>
	<phrases>
		<phrasetype name="vBulletin Settings" fieldname="vbsettings">
			<phrase name="settinggroup_rememberme" date="0" username="nitra1000" version="1.0"><![CDATA[Remember Me Box]]></phrase>			
			<phrase name="setting_rememberme_onoff_desc" date="0" username="nitra1000" version="1.0"><![CDATA[Auto check remember me box]]></phrase>
			<phrase name="setting_rememberme_onoff_title" date="0" username="nitra1000" version="1.0"><![CDATA[Active]]></phrase>
			<phrase name="setting_rememberme_link_desc" date="0" username="nitra1000" version="1.0"><![CDATA[Show link to <a href="http://mod-mall.com">Mod Mall</a> in footer]]></phrase>
		</phrasetype>
	</phrases>
	<options>
		<settinggroup name="rememberme" displayorder="9999">
			<setting varname="rememberme_onoff" displayorder="10">
				<datatype>boolean</datatype>
				<optioncode>yesno</optioncode>
				<defaultvalue>0</defaultvalue>
			</setting>
			<setting varname="rememberme_link" displayorder="20">
				<datatype>boolean</datatype>
				<optioncode>yesno</optioncode>
				<defaultvalue>1</defaultvalue>
			</setting>
		</settinggroup>
	</options>
	<helptopics>
	</helptopics>
	<cronentries>
	</cronentries>
	<faqentries>
	</faqentries>
</product>
